sides,,,,,,
0,uground,hground,Afloor,,,
0,1,hint,Awall,,,
0,30,hfloor,Afloor,,,
0,uair,hext,Awall,,,
1,uground,hground,Afloor,,,
1,2,hint,Awall,,,
1,31,hfloor,Afloor,,,
2,uground,hground,Afloor,,,
2,3,hint,Awall,,,
2,32,hfloor,Afloor,,,
3,uground,hground,Afloor,,,
3,4,hint,Awall,,,
3,33,hfloor,Afloor,,,
4,uground,hground,Afloor,,,
4,5,hint,Awall,,,
4,34,hfloor,Afloor,,,
5,uground,hground,Afloor,,,
5,6,hint,Awall,,,
5,35,hfloor,Afloor,,,
6,uground,hground,Adinfloor,,,
6,7,hint,Awall,,,
6,36,hint,Awall,,,
6,69,hfloor,Afloor,,,
6,68,hfloor,Afloor,,,
6,67,hfloor,Afloor,,,
6,66,hfloor,Afloor,,,
6,65,hfloor,Afloor,,,
6,35,hint,Awall,,,
7,uground,hground,Afloor,,,
7,8,hint,Awall,,,
7,36,hfloor,Afloor,,,
8,uground,hground,Afloor,,,
8,9,hint,Awall,,,
8,37,hfloor,Afloor,,,
9,uground,hground,Afloor,,,
9,10,hint,Awall,,,
9,38,hfloor,Afloor,,,
10,uground,hground,Afloor,,,
10,11,hint,Awall,,,
10,39,hfloor,Afloor,,,
11,uground,hground,Afloor,,,
11,12,hint,Awall,,,
11,40,hfloor,Afloor,,,
12,uground,hground,Afloor,,,
12,13,hint,Awall,,,
12,41,hfloor,Afloor,,,
13,uground,hground,Afloor,,,
13,14,hint,Awall,,,
13,42,hfloor,Afloor,,,
14,uground,hground,Afloor,,,
14,15,hint,Awall,,,
14,43,hfloor,Afloor,,,
15,uground,hground,Afloor,,,
15,16,hint,Awall,,,
15,44,hfloor,Afloor,,,
16,uground,hground,Afloor,,,
16,17,hint,Awall,,,
16,45,hfloor,Afloor,,,
17,uground,hground,Afloor,,,
17,18,hint,Awall,,,
17,46,hfloor,Afloor,,,
18,uground,hground,Afloor,,,
18,19,hint,Awall,,,
18,47,hfloor,Afloor,,,
19,uground,hground,Afloor,,,
19,20,hint,Awall,,,
19,48,hfloor,Afloor,,,
20,uground,hground,Afloor,,,
20,21,hint,Awall,,,
20,49,hfloor,Afloor,,,
21,uground,hground,Afloor,,,
21,22,hint,Awall,,,
21,50,hfloor,Afloor,,,
22,uground,hground,Afloor,,,
22,23,hint,Awall,,,
22,51,hfloor,Afloor,,,
23,uground,hground,Afloor,,,
23,24,hint,Awall,,,
23,52,hfloor,Afloor,,,
24,uground,hground,Afloor,,,
24,25,hint,Awall,,,
24,53,hfloor,Afloor,,,
25,uground,hground,Afloor,,,
25,26,hint,Awall,,,
25,54,hfloor,Afloor,,,
26,uground,hground,Afloor,,,
26,27,hint,Awall,,,
26,55,hfloor,Afloor,,,
27,uground,hground,Afloor,,,
27,28,hint,Awall,,,
27,56,hfloor,Afloor,,,
28,uground,hground,Afloor,,,
28,29,hint,Awall,,,
28,57,hfloor,Afloor,,,
29,uground,hground,Afloor,,,
29,uair,hext,Awall,,,
29,58,hfloor,Afloor,,,
30,31,hint,Awall,,,
30,59,hfloor,Afloor,,,
30,uair,hext,Awall,,,
31,32,hint,Awall,,,
31,60,hfloor,Afloor,,,
32,33,hint,Awall,,,
32,61,hfloor,Afloor,,,
33,34,hint,Awall,,,
33,62,hfloor,Afloor,,,
34,35,hint,Awall,,,
34,63,hfloor,Afloor,,,
35,64,hfloor,Afloor,,,
36,37,hint,Awall,,,
36,70,hfloor,Afloor,,,
37,38,hint,Awall,,,
37,71,hfloor,Afloor,,,
38,39,hint,Awall,,,
38,72,hfloor,Afloor,,,
39,40,hint,Awall,,,
39,73,hfloor,Afloor,,,
40,41,hint,Awall,,,
40,74,hfloor,Afloor,,,
41,42,hint,Awall,,,
41,75,hfloor,Afloor,,,
42,43,hint,Awall,,,
42,76,hfloor,Afloor,,,
43,44,hint,Awall,,,
43,77,hfloor,Afloor,,,
44,45,hint,Awall,,,
44,uair,hroof,Afloor,,,
45,46,hint,Awall,,,
45,uair,hroof,Afloor,,,
46,47,hint,Awall,,,
46,uair,hroof,Afloor,,,
47,48,hint,Awall,,,
47,uair,hroof,Afloor,,,
48,49,hint,Awall,,,
48,78,hint,Afloor,,,
49,50,hint,Awall,,,
49,79,hint,Afloor,,,
50,51,hint,Awall,,,
50,80,hint,Afloor,,,
51,52,hint,Awall,,,
51,81,hint,Afloor,,,
52,53,hint,Awall,,,
52,82,hint,Afloor,,,
53,54,hint,Awall,,,
53,83,hint,Afloor,,,
54,55,hint,Awall,,,
54,84,hint,Afloor,,,
55,56,hint,Awall,,,
55,85,hint,Afloor,,,
56,57,hint,Awall,,,
56,86,hint,Afloor,,,
57,58,hint,Awall,,,
57,87,hint,Afloor,,,
58,uair,hext,Awall,,,
58,88,hint,Afloor,,,
59,60,hint,Awall,,,
59,uair,hroof,Afloor,,,
59,uair,hext,Awall,,,
60,61,hint,Awall,,,
60,uair,hroof,Afloor,,,
61,62,hint,Awall,,,
61,89,hfloor,Afloor,,,
62,63,hint,Awall,,,
62,90,hfloor,Afloor,,,
63,64,hint,Awall,,,
63,91,hfloor,Afloor,,,
64,65,hint,Awall,,,
64,92,hfloor,Afloor,,,
65,66,hint,Awall,,,
65,93,hfloor,Afloor,,,
66,67,hint,Awall,,,
66,94,hfloor,Afloor,,,
67,68,hint,Awall,,,
67,95,hfloor,Afloor,,,
68,69,hint,Awall,,,
68,96,hfloor,Afloor,,,
69,70,hint,Awall,,,
69,97,hfloor,Afloor,,,
70,71,hint,Awall,,,
70,98,hfloor,Afloor,,,
71,72,hint,Awall,,,
71,99,hfloor,Afloor,,,
72,73,hint,Awall,,,
72,100,hfloor,Afloor,,,
73,74,hint,Awall,,,
73,101,hfloor,Afloor,,,
74,75,hint,Awall,,,
74,102,hfloor,Afloor,,,
75,76,hint,Awall,,,
75,103,hfloor,Afloor,,,
76,77,hint,Awall,,,
76,104,hfloor,Afloor,,,
77,uair,hext,Awall,,,
77,105,hfloor,Afloor,,,
78,79,hint,Awall,,,
78,106,hfloor,Afloor,,,
78,uair,hext,Awall,,,
79,80,hint,Awall,,,
79,107,hfloor,Afloor,,,
80,81,hint,Awall,,,
80,108,hfloor,Afloor,,,
81,82,hint,Awall,,,
81,109,hfloor,Afloor,,,
82,83,hint,Awall,,,
82,110,hfloor,Afloor,,,
83,84,hint,Awall,,,
83,111,hfloor,Afloor,,,
84,85,hint,Awall,,,
84,112,hfloor,Afloor,,,
85,86,hint,Awall,,,
85,113,hfloor,Afloor,,,
86,87,hint,Awall,,,
86,114,hfloor,Afloor,,,
87,88,hint,Awall,,,
87,115,hfloor,Afloor,,,
88,uair,hext,Awall,,,
88,116,hfloor,Afloor,,,
89,uair,hext,Awall,,,
89,90,hint,Awall,,,
89,117,hfloor,Afloor,,,
90,91,hint,Awall,,,
90,118,hfloor,Afloor,,,
91,92,hint,Awall,,,
91,119,hfloor,Afloor,,,
92,93,hint,Awall,,,
92,120,hfloor,Afloor,,,
93,94,hint,Awall,,,
93,121,hfloor,Afloor,,,
94,95,hint,Awall,,,
94,122,hfloor,Afloor,,,
95,96,hint,Awall,,,
95,123,hfloor,Afloor,,,
96,97,hint,Awall,,,
96,124,hfloor,Afloor,,,
97,98,hint,Awall,,,
97,125,hfloor,Afloor,,,
98,99,hint,Awall,,,
98,126,hfloor,Afloor,,,
99,100,hint,Awall,,,
99,127,hfloor,Afloor,,,
100,101,hint,Awall,,,
100,128,hfloor,Afloor,,,
101,102,hint,Awall,,,
101,129,hfloor,Afloor,,,
102,103,hint,Awall,,,
102,130,hfloor,Afloor,,,
103,104,hint,Awall,,,
103,131,hfloor,Afloor,,,
104,105,hint,Awall,,,
104,132,hfloor,Afloor,,,
105,uair,hext,Awall,,,
105,133,hfloor,Afloor,,,
106,uair,hext,Awall,,,
106,107,hint,Awall,,,
106,138,hfloor,Afloor,,,
107,108,hint,Awall,,,
107,139,hfloor,Afloor,,,
108,109,hint,Awall,,,
108,140,hfloor,Afloor,,,
109,110,hint,Awall,,,
109,141,hfloor,Afloor,,,
110,111,hint,Awall,,,
110,142,hfloor,Afloor,,,
111,112,hint,Awall,,,
111,143,hfloor,Afloor,,,
112,113,hint,Awall,,,
112,144,hfloor,Afloor,,,
113,114,hint,Awall,,,
113,145,hfloor,Afloor,,,
114,115,hint,Awall,,,
114,146,hfloor,Afloor,,,
115,116,hint,Awall,,,
115,147,hfloor,Afloor,,,
116,uair,hext,Awall,,,
116,148,hfloor,Afloor,,,
117,uair,hext,Awall,,,
117,118,hint,Awall,,,
117,149,hfloor,Afloor,,,
118,119,hint,Awall,,,
118,150,hfloor,Afloor,,,
119,120,hint,Awall,,,
119,151,hfloor,Afloor,,,
120,121,hint,Awall,,,
120,152,hfloor,Afloor,,,
121,122,hint,Awall,,,
121,153,hfloor,Afloor,,,
122,123,hint,Awall,,,
122,154,hfloor,Afloor,,,
123,124,hint,Awall,,,
123,155,hfloor,Afloor,,,
124,125,hint,Awall,,,
124,156,hfloor,Afloor,,,
125,126,hint,Awall,,,
125,157,hfloor,Afloor,,,
126,127,hint,Awall,,,
126,158,hfloor,Afloor,,,
127,128,hint,Awall,,,
127,159,hfloor,Afloor,,,
128,129,hint,Awall,,,
128,160,hfloor,Afloor,,,
129,130,hint,Awall,,,
129,161,hfloor,Afloor,,,
130,131,hint,Awall,,,
130,162,hfloor,Afloor,,,
131,132,hint,Awall,,,
131,163,hfloor,Afloor,,,
132,133,hint,Awall,,,
132,164,hfloor,Afloor,,,
133,134,hint,Awall,,,
133,165,hfloor,Afloor,,,
134,135,hint,Awall,,,
134,166,hfloor,Afloor,,,
135,136,hint,Awall,,,
135,167,hfloor,Afloor,,,
136,137,hint,Awall,,,
136,168,hfloor,Afloor,,,
137,138,hint,Awall,,,
137,169,hfloor,Afloor,,,
138,139,hint,Awall,,,
138,170,hfloor,Afloor,,,
139,140,hint,Awall,,,
139,171,hfloor,Afloor,,,
140,141,hint,Awall,,,
140,172,hfloor,Afloor,,,
141,142,hint,Awall,,,
141,173,hfloor,Afloor,,,
142,143,hint,Awall,,,
142,174,hfloor,Afloor,,,
143,144,hint,Awall,,,
143,175,hfloor,Afloor,,,
144,145,hint,Awall,,,
144,uair,hroof,Afloor,,,
145,146,hint,Awall,,,
145,uair,hroof,Afloor,,,
146,147,hint,Awall,,,
146,uair,hroof,Afloor,,,
147,148,hint,Awall,,,
147,uair,hroof,Afloor,,,
148,uair,hext,Awall,,,
148,uair,hroof,Afloor,,,
149,uair,hext,Awall,,,
149,150,hint,Awall,,,
149,178,hfloor,Afloor,,,
150,151,hint,Awall,,,
150,179,hfloor,Afloor,,,
151,152,hint,Awall,,,
151,180,hfloor,Afloor,,,
152,153,hint,Awall,,,
152,181,hfloor,Afloor,,,
153,154,hint,Awall,,,
153,182,hfloor,Afloor,,,
154,155,hint,Awall,,,
154,183,hfloor,Afloor,,,
155,156,hint,Awall,,,
155,184,hfloor,Afloor,,,
156,157,hint,Awall,,,
156,185,hfloor,Afloor,,,
157,158,hint,Awall,,,
157,186,hfloor,Afloor,,,
158,159,hint,Awall,,,
158,187,hfloor,Afloor,,,
159,160,hint,Awall,,,
159,188,hfloor,Afloor,,,
160,161,hint,Awall,,,
160,189,hfloor,Afloor,,,
161,162,hint,Awall,,,
161,190,hfloor,Afloor,,,
162,163,hint,Awall,,,
162,191,hfloor,Afloor,,,
163,164,hint,Awall,,,
163,192,hfloor,Afloor,,,
164,165,hint,Awall,,,
164,193,hfloor,Afloor,,,
165,166,hint,Awall,,,
165,194,hfloor,Afloor,,,
166,167,hint,Awall,,,
166,195,hfloor,Afloor,,,
167,168,hint,Awall,,,
167,196,hfloor,Afloor,,,
168,169,hint,Awall,,,
168,uair,hroof,Afloor,,,
169,170,hint,Awall,,,
169,uair,hroof,Afloor,,,
170,171,hint,Awall,,,
170,uair,hroof,Afloor,,,
171,172,hint,Awall,,,
171,uair,hroof,Afloor,,,
172,173,hint,Awall,,,
172,197,hfloor,Afloor,,,
173,174,hint,Awall,,,
173,198,hfloor,Afloor,,,
174,175,hint,Awall,,,
174,199,hfloor,Afloor,,,
175,uair,hext,Awall,,,
175,200,hfloor,Afloor,,,
176,uair,hext,Awall,,,
176,uair,hroof,Afloor,,,
176,177,hint,Awall,,,
176,201,hfloor,Afloor,,,
177,178,hint,Awall,,,
177,202,hfloor,Afloor,,,
178,179,hint,Awall,,,
178,203,hfloor,Afloor,,,
179,180,hint,Awall,,,
179,204,hfloor,Afloor,,,
180,181,hint,Awall,,,
180,205,hfloor,Afloor,,,
181,182,hint,Awall,,,
181,206,hfloor,Afloor,,,
182,183,hint,Awall,,,
182,207,hfloor,Afloor,,,
183,184,hint,Awall,,,
183,208,hfloor,Afloor,,,
184,185,hint,Awall,,,
184,uair,hroof,Afloor,,,
185,186,hint,Awall,,,
185,uair,hroof,Afloor,,,
186,187,hint,Awall,,,
186,uair,hroof,Afloor,,,
187,188,hint,Awall,,,
187,uair,hroof,Afloor,,,
188,189,hint,Awall,,,
188,uair,hroof,Afloor,,,
189,190,hint,Awall,,,
189,209,hfloor,Afloor,,,
190,191,hint,Awall,,,
190,210,hfloor,Afloor,,,
191,192,hint,Awall,,,
191,211,hfloor,Afloor,,,
192,193,hint,Awall,,,
192,212,hfloor,Afloor,,,
193,194,hint,Awall,,,
193,213,hfloor,Afloor,,,
194,195,hint,Awall,,,
194,214,hfloor,Afloor,,,
195,196,hint,Awall,,,
195,215,hfloor,Afloor,,,
196,uair,hext,Awall,,,
196,216,hfloor,Afloor,,,
197,uair,hext,Awall,,,
197,198,hint,Awall,,,
197,217,hfloor,Afloor,,,
198,199,hint,Awall,,,
198,218,hfloor,Afloor,,,
199,200,hint,Awall,,,
199,219,hfloor,Afloor,,,
200,uair,hext,Awall,,,
200,220,hfloor,Afloor,,,
201,uair,hext,Awall,,,
201,202,hint,Awall,,,
201,221,hfloor,Afloor,,,
202,203,hint,Awall,,,
202,222,hfloor,Afloor,,,
203,204,hint,Awall,,,
203,223,hfloor,Afloor,,,
204,205,hint,Awall,,,
204,224,hfloor,Afloor,,,
205,206,hint,Awall,,,
205,225,hfloor,Afloor,,,
206,207,hint,Awall,,,
206,226,hfloor,Afloor,,,
207,208,hint,Awall,,,
207,227,hfloor,Afloor,,,
208,uair,hext,Awall,,,
208,228,hfloor,Afloor,,,
209,uair,hext,Awall,,,
209,210,hint,Awall,,,
209,229,hfloor,Afloor,,,
210,211,hint,Awall,,,
210,230,hfloor,Afloor,,,
211,212,hint,Awall,,,
211,231,hfloor,Afloor,,,
212,213,hint,Awall,,,
212,232,hfloor,Afloor,,,
213,214,hint,Awall,,,
213,233,hfloor,Afloor,,,
214,215,hint,Awall,,,
214,234,hfloor,Afloor,,,
215,216,hint,Awall,,,
215,235,hfloor,Afloor,,,
216,uair,hext,Awall,,,
216,236,hfloor,Afloor,,,
217,uair,hext,Awall,,,
217,218,hint,Awall,,,
217,237,hfloor,Afloor,,,
218,219,hint,Awall,,,
218,238,hfloor,Afloor,,,
219,220,hint,Awall,,,
219,239,hfloor,Afloor,,,
220,uair,hext,Awall,,,
220,240,hfloor,Afloor,,,
221,uair,hext,Awall,,,
221,222,hint,Awall,,,
221,246,hfloor,Afloor,,,
222,223,hint,Awall,,,
222,247,hfloor,Afloor,,,
223,224,hint,Awall,,,
223,248,hfloor,Afloor,,,
224,225,hint,Awall,,,
224,249,hfloor,Afloor,,,
225,226,hint,Awall,,,
225,250,hfloor,Afloor,,,
226,227,hint,Awall,,,
226,251,hfloor,Afloor,,,
227,228,hint,Awall,,,
227,252,hfloor,Afloor,,,
228,uair,hext,Awall,,,
228,253,hfloor,Afloor,,,
229,uair,hext,Awall,,,
229,230,hint,Awall,,,
229,254,hfloor,Afloor,,,
230,231,hint,Awall,,,
230,255,hfloor,Afloor,,,
231,232,hint,Awall,,,
231,256,hfloor,Afloor,,,
232,233,hint,Awall,,,
232,257,hfloor,Afloor,,,
233,234,hint,Awall,,,
233,258,hfloor,Afloor,,,
234,235,hint,Awall,,,
234,259,hfloor,Afloor,,,
235,236,hint,Awall,,,
235,260,hfloor,Afloor,,,
236,uair,hext,Awall,,,
236,261,hfloor,Afloor,,,
237,uair,hext,Awall,,,
237,238,hint,Awall,,,
237,262,hfloor,Afloor,,,
238,239,hint,Awall,,,
238,263,hfloor,Afloor,,,
239,240,hint,Awall,,,
239,264,hfloor,Afloor,,,
240,241,hint,Awall,,,
240,265,hfloor,Afloor,,,
241,242,hint,Awall,,,
241,266,hfloor,Afloor,,,
242,243,hint,Awall,,,
242,267,hfloor,Afloor,,,
243,244,hint,Awall,,,
243,268,hfloor,Afloor,,,
244,245,hint,Awall,,,
244,269,hfloor,Afloor,,,
245,uair,hint,Awall,,,
245,270,hfloor,Afloor,,,
241,uair,hroof,Afloor,,,
242,uair,hroof,Afloor,,,
243,uair,hroof,Afloor,,,
244,uair,hroof,Afloor,,,
245,uair,hroof,Afloor,,,
246,uair,hext,Awall,,,
246,247,hint,Awall,,,
247,248,hint,Awall,,,
248,249,hint,Awall,,,
249,250,hint,Awall,,,
250,251,hint,Awall,,,
251,252,hint,Awall,,,
252,253,hint,Awall,,,
253,uair,hext,Awall,,,
254,255,hint,Awall,,,
255,256,hint,Awall,,,
256,257,hint,Awall,,,
257,258,hint,Awall,,,
258,259,hint,Awall,,,
259,260,hint,Awall,,,
260,261,hint,Awall,,,
261,uair,hext,Awall,,,
262,263,hint,Awall,,,
263,264,hint,Awall,,,
264,265,hint,Awall,,,
265,266,hint,Awall,,,
266,267,hint,Awall,,,
267,268,hint,Awall,,,
268,269,hint,Awall,,,
269,270,hint,Awall,,,
270,uair,hext,Awall,,,
246,uair,hroof,Afloor,,,
247,uair,hroof,Afloor,,,
248,uair,hroof,Afloor,,,
249,uair,hroof,Afloor,,,
250,uair,hroof,Afloor,,,
251,uair,hroof,Afloor,,,
252,uair,hroof,Afloor,,,
253,uair,hroof,Afloor,,,
254,uair,hroof,Afloor,,,
255,uair,hroof,Afloor,,,
256,uair,hroof,Afloor,,,
257,uair,hroof,Afloor,,,
258,uair,hroof,Afloor,,,
259,uair,hroof,Afloor,,,
260,uair,hroof,Afloor,,,
261,uair,hroof,Afloor,,,
262,uair,hroof,Afloor,,,
263,uair,hroof,Afloor,,,
264,uair,hroof,Afloor,,,
265,uair,hroof,Afloor,,,
266,uair,hroof,Afloor,,,
267,uair,hroof,Afloor,,,
268,uair,hroof,Afloor,,,
269,uair,hroof,Afloor,,,
270,uair,hroof,Afloor,,,
254,uair,hext,Awall,,,
262,uair,hext,Awall,,,
0,uair,hext,Afb,,,
1,uair,hext,Afb,,,
2,uair,hext,Afb,,,
3,uair,hext,Afb,,,
4,uair,hext,Afb,,,
5,uair,hext,Afb,,,
6,uair,hext,Adinfb,,,
7,uair,hext,Afb,,,
8,uair,hext,Afb,,,
9,uair,hext,Afb,,,
10,uair,hext,Afb,,,
11,uair,hext,Afb,,,
12,uair,hext,Afb,,,
13,uair,hext,Afb,,,
14,uair,hext,Afb,,,
15,uair,hext,Afb,,,
16,uair,hext,Afb,,,
17,uair,hext,Afb,,,
18,uair,hext,Afb,,,
19,uair,hext,Afb,,,
20,uair,hext,Afb,,,
21,uair,hext,Afb,,,
22,uair,hext,Afb,,,
23,uair,hext,Afb,,,
24,uair,hext,Afb,,,
25,uair,hext,Afb,,,
26,uair,hext,Afb,,,
27,uair,hext,Afb,,,
28,uair,hext,Afb,,,
29,uair,hext,Afb,,,
30,uair,hext,Afb,,,
31,uair,hext,Afb,,,
32,uair,hext,Afb,,,
33,uair,hext,Afb,,,
34,uair,hext,Afb,,,
35,uair,hext,Afb,,,
36,uair,hext,Afb,,,
37,uair,hext,Afb,,,
38,uair,hext,Afb,,,
39,uair,hext,Afb,,,
40,uair,hext,Afb,,,
41,uair,hext,Afb,,,
42,uair,hext,Afb,,,
43,uair,hext,Afb,,,
44,uair,hext,Afb,,,
45,uair,hext,Afb,,,
46,uair,hext,Afb,,,
47,uair,hext,Afb,,,
48,uair,hext,Afb,,,
49,uair,hext,Afb,,,
50,uair,hext,Afb,,,
51,uair,hext,Afb,,,
52,uair,hext,Afb,,,
53,uair,hext,Afb,,,
54,uair,hext,Afb,,,
55,uair,hext,Afb,,,
56,uair,hext,Afb,,,
57,uair,hext,Afb,,,
58,uair,hext,Afb,,,
59,uair,hext,Afb,,,
60,uair,hext,Afb,,,
61,uair,hext,Afb,,,
62,uair,hext,Afb,,,
63,uair,hext,Afb,,,
64,uair,hext,Afb,,,
65,uair,hext,Afb,,,
66,uair,hext,Afb,,,
67,uair,hext,Afb,,,
68,uair,hext,Afb,,,
69,uair,hext,Afb,,,
70,uair,hext,Afb,,,
71,uair,hext,Afb,,,
72,uair,hext,Afb,,,
73,uair,hext,Afb,,,
74,uair,hext,Afb,,,
75,uair,hext,Afb,,,
76,uair,hext,Afb,,,
77,uair,hext,Afb,,,
78,uair,hext,Afb,,,
79,uair,hext,Afb,,,
80,uair,hext,Afb,,,
81,uair,hext,Afb,,,
82,uair,hext,Afb,,,
83,uair,hext,Afb,,,
84,uair,hext,Afb,,,
85,uair,hext,Afb,,,
86,uair,hext,Afb,,,
87,uair,hext,Afb,,,
88,uair,hext,Afb,,,
89,uair,hext,Afb,,,
90,uair,hext,Afb,,,
91,uair,hext,Afb,,,
92,uair,hext,Afb,,,
93,uair,hext,Afb,,,
94,uair,hext,Afb,,,
95,uair,hext,Afb,,,
96,uair,hext,Afb,,,
97,uair,hext,Afb,,,
98,uair,hext,Afb,,,
99,uair,hext,Afb,,,
100,uair,hext,Afb,,,
101,uair,hext,Afb,,,
102,uair,hext,Afb,,,
103,uair,hext,Afb,,,
104,uair,hext,Afb,,,
105,uair,hext,Afb,,,
106,uair,hext,Afb,,,
107,uair,hext,Afb,,,
108,uair,hext,Afb,,,
109,uair,hext,Afb,,,
110,uair,hext,Afb,,,
111,uair,hext,Afb,,,
112,uair,hext,Afb,,,
113,uair,hext,Afb,,,
114,uair,hext,Afb,,,
115,uair,hext,Afb,,,
116,uair,hext,Afb,,,
117,uair,hext,Afb,,,
118,uair,hext,Afb,,,
119,uair,hext,Afb,,,
120,uair,hext,Afb,,,
121,uair,hext,Afb,,,
122,uair,hext,Afb,,,
123,uair,hext,Afb,,,
124,uair,hext,Afb,,,
125,uair,hext,Afb,,,
126,uair,hext,Afb,,,
127,uair,hext,Afb,,,
128,uair,hext,Afb,,,
129,uair,hext,Afb,,,
130,uair,hext,Afb,,,
131,uair,hext,Afb,,,
132,uair,hext,Afb,,,
133,uair,hext,Afb,,,
134,uair,hext,Afb,,,
135,uair,hext,Afb,,,
136,uair,hext,Afb,,,
137,uair,hext,Afb,,,
138,uair,hext,Afb,,,
139,uair,hext,Afb,,,
140,uair,hext,Afb,,,
141,uair,hext,Afb,,,
142,uair,hext,Afb,,,
143,uair,hext,Afb,,,
144,uair,hext,Afb,,,
145,uair,hext,Afb,,,
146,uair,hext,Afb,,,
147,uair,hext,Afb,,,
148,uair,hext,Afb,,,
149,uair,hext,Afb,,,
150,uair,hext,Afb,,,
151,uair,hext,Afb,,,
152,uair,hext,Afb,,,
153,uair,hext,Afb,,,
154,uair,hext,Afb,,,
155,uair,hext,Afb,,,
156,uair,hext,Afb,,,
157,uair,hext,Afb,,,
158,uair,hext,Afb,,,
159,uair,hext,Afb,,,
160,uair,hext,Afb,,,
161,uair,hext,Afb,,,
162,uair,hext,Afb,,,
163,uair,hext,Afb,,,
164,uair,hext,Afb,,,
165,uair,hext,Afb,,,
166,uair,hext,Afb,,,
167,uair,hext,Afb,,,
168,uair,hext,Afb,,,
169,uair,hext,Afb,,,
170,uair,hext,Afb,,,
171,uair,hext,Afb,,,
172,uair,hext,Afb,,,
173,uair,hext,Afb,,,
174,uair,hext,Afb,,,
175,uair,hext,Afb,,,
176,uair,hext,Afb,,,
177,uair,hext,Afb,,,
178,uair,hext,Afb,,,
179,uair,hext,Afb,,,
180,uair,hext,Afb,,,
181,uair,hext,Afb,,,
182,uair,hext,Afb,,,
183,uair,hext,Afb,,,
184,uair,hext,Afb,,,
185,uair,hext,Afb,,,
186,uair,hext,Afb,,,
187,uair,hext,Afb,,,
188,uair,hext,Afb,,,
189,uair,hext,Afb,,,
190,uair,hext,Afb,,,
191,uair,hext,Afb,,,
192,uair,hext,Afb,,,
193,uair,hext,Afb,,,
194,uair,hext,Afb,,,
195,uair,hext,Afb,,,
196,uair,hext,Afb,,,
197,uair,hext,Afb,,,
198,uair,hext,Afb,,,
199,uair,hext,Afb,,,
200,uair,hext,Afb,,,
201,uair,hext,Afb,,,
202,uair,hext,Afb,,,
203,uair,hext,Afb,,,
204,uair,hext,Afb,,,
205,uair,hext,Afb,,,
206,uair,hext,Afb,,,
207,uair,hext,Afb,,,
208,uair,hext,Afb,,,
209,uair,hext,Afb,,,
210,uair,hext,Afb,,,
211,uair,hext,Afb,,,
212,uair,hext,Afb,,,
213,uair,hext,Afb,,,
214,uair,hext,Afb,,,
215,uair,hext,Afb,,,
216,uair,hext,Afb,,,
217,uair,hext,Afb,,,
218,uair,hext,Afb,,,
219,uair,hext,Afb,,,
220,uair,hext,Afb,,,
221,uair,hext,Afb,,,
222,uair,hext,Afb,,,
223,uair,hext,Afb,,,
224,uair,hext,Afb,,,
225,uair,hext,Afb,,,
226,uair,hext,Afb,,,
227,uair,hext,Afb,,,
228,uair,hext,Afb,,,
229,uair,hext,Afb,,,
230,uair,hext,Afb,,,
231,uair,hext,Afb,,,
232,uair,hext,Afb,,,
233,uair,hext,Afb,,,
234,uair,hext,Afb,,,
235,uair,hext,Afb,,,
236,uair,hext,Afb,,,
237,uair,hext,Afb,,,
238,uair,hext,Afb,,,
239,uair,hext,Afb,,,
240,uair,hext,Afb,,,
241,uair,hext,Afb,,,
242,uair,hext,Afb,,,
243,uair,hext,Afb,,,
244,uair,hext,Afb,,,
245,uair,hext,Afb,,,
246,uair,hext,Afb,,,
247,uair,hext,Afb,,,
248,uair,hext,Afb,,,
249,uair,hext,Afb,,,
250,uair,hext,Afb,,,
251,uair,hext,Afb,,,
252,uair,hext,Afb,,,
253,uair,hext,Afb,,,
254,uair,hext,Afb,,,
255,uair,hext,Afb,,,
256,uair,hext,Afb,,,
257,uair,hext,Afb,,,
258,uair,hext,Afb,,,
259,uair,hext,Afb,,,
260,uair,hext,Afb,,,
261,uair,hext,Afb,,,
262,uair,hext,Afb,,,
263,uair,hext,Afb,,,
264,uair,hext,Afb,,,
265,uair,hext,Afb,,,
266,uair,hext,Afb,,,
267,uair,hext,Afb,,,
268,uair,hext,Afb,,,
269,uair,hext,Afb,,,
270,uair,hext,Afb,,,
0,uair,hext,Afb,,,
1,uair,hext,Afb,,,
2,uair,hext,Afb,,,
3,uair,hext,Afb,,,
4,uair,hext,Afb,,,
5,uair,hext,Afb,,,
6,uair,hext,Adinfb,,,
7,uair,hext,Afb,,,
8,uair,hext,Afb,,,
9,uair,hext,Afb,,,
10,uair,hext,Afb,,,
11,uair,hext,Afb,,,
12,uair,hext,Afb,,,
13,uair,hext,Afb,,,
14,uair,hext,Afb,,,
15,uair,hext,Afb,,,
16,uair,hext,Afb,,,
17,uair,hext,Afb,,,
18,uair,hext,Afb,,,
19,uair,hext,Afb,,,
20,uair,hext,Afb,,,
21,uair,hext,Afb,,,
22,uair,hext,Afb,,,
23,uair,hext,Afb,,,
24,uair,hext,Afb,,,
25,uair,hext,Afb,,,
26,uair,hext,Afb,,,
27,uair,hext,Afb,,,
28,uair,hext,Afb,,,
29,uair,hext,Afb,,,
30,uair,hext,Afb,,,
31,uair,hext,Afb,,,
32,uair,hext,Afb,,,
33,uair,hext,Afb,,,
34,uair,hext,Afb,,,
35,uair,hext,Afb,,,
36,uair,hext,Afb,,,
37,uair,hext,Afb,,,
38,uair,hext,Afb,,,
39,uair,hext,Afb,,,
40,uair,hext,Afb,,,
41,uair,hext,Afb,,,
42,uair,hext,Afb,,,
43,uair,hext,Afb,,,
44,uair,hext,Afb,,,
45,uair,hext,Afb,,,
46,uair,hext,Afb,,,
47,uair,hext,Afb,,,
48,uair,hext,Afb,,,
49,uair,hext,Afb,,,
50,uair,hext,Afb,,,
51,uair,hext,Afb,,,
52,uair,hext,Afb,,,
53,uair,hext,Afb,,,
54,uair,hext,Afb,,,
55,uair,hext,Afb,,,
56,uair,hext,Afb,,,
57,uair,hext,Afb,,,
58,uair,hext,Afb,,,
59,uair,hext,Afb,,,
60,uair,hext,Afb,,,
61,uair,hext,Afb,,,
62,uair,hext,Afb,,,
63,uair,hext,Afb,,,
64,uair,hext,Afb,,,
65,uair,hext,Afb,,,
66,uair,hext,Afb,,,
67,uair,hext,Afb,,,
68,uair,hext,Afb,,,
69,uair,hext,Afb,,,
70,uair,hext,Afb,,,
71,uair,hext,Afb,,,
72,uair,hext,Afb,,,
73,uair,hext,Afb,,,
74,uair,hext,Afb,,,
75,uair,hext,Afb,,,
76,uair,hext,Afb,,,
77,uair,hext,Afb,,,
78,uair,hext,Afb,,,
79,uair,hext,Afb,,,
80,uair,hext,Afb,,,
81,uair,hext,Afb,,,
82,uair,hext,Afb,,,
83,uair,hext,Afb,,,
84,uair,hext,Afb,,,
85,uair,hext,Afb,,,
86,uair,hext,Afb,,,
87,uair,hext,Afb,,,
88,uair,hext,Afb,,,
89,uair,hext,Afb,,,
90,uair,hext,Afb,,,
91,uair,hext,Afb,,,
92,uair,hext,Afb,,,
93,uair,hext,Afb,,,
94,uair,hext,Afb,,,
95,uair,hext,Afb,,,
96,uair,hext,Afb,,,
97,uair,hext,Afb,,,
98,uair,hext,Afb,,,
99,uair,hext,Afb,,,
100,uair,hext,Afb,,,
101,uair,hext,Afb,,,
102,uair,hext,Afb,,,
103,uair,hext,Afb,,,
104,uair,hext,Afb,,,
105,uair,hext,Afb,,,
106,uair,hext,Afb,,,
107,uair,hext,Afb,,,
108,uair,hext,Afb,,,
109,uair,hext,Afb,,,
110,uair,hext,Afb,,,
111,uair,hext,Afb,,,
112,uair,hext,Afb,,,
113,uair,hext,Afb,,,
114,uair,hext,Afb,,,
115,uair,hext,Afb,,,
116,uair,hext,Afb,,,
117,uair,hext,Afb,,,
118,uair,hext,Afb,,,
119,uair,hext,Afb,,,
120,uair,hext,Afb,,,
121,uair,hext,Afb,,,
122,uair,hext,Afb,,,
123,uair,hext,Afb,,,
124,uair,hext,Afb,,,
125,uair,hext,Afb,,,
126,uair,hext,Afb,,,
127,uair,hext,Afb,,,
128,uair,hext,Afb,,,
129,uair,hext,Afb,,,
130,uair,hext,Afb,,,
131,uair,hext,Afb,,,
132,uair,hext,Afb,,,
133,uair,hext,Afb,,,
134,uair,hext,Afb,,,
135,uair,hext,Afb,,,
136,uair,hext,Afb,,,
137,uair,hext,Afb,,,
138,uair,hext,Afb,,,
139,uair,hext,Afb,,,
140,uair,hext,Afb,,,
141,uair,hext,Afb,,,
142,uair,hext,Afb,,,
143,uair,hext,Afb,,,
144,uair,hext,Afb,,,
145,uair,hext,Afb,,,
146,uair,hext,Afb,,,
147,uair,hext,Afb,,,
148,uair,hext,Afb,,,
149,uair,hext,Afb,,,
150,uair,hext,Afb,,,
151,uair,hext,Afb,,,
152,uair,hext,Afb,,,
153,uair,hext,Afb,,,
154,uair,hext,Afb,,,
155,uair,hext,Afb,,,
156,uair,hext,Afb,,,
157,uair,hext,Afb,,,
158,uair,hext,Afb,,,
159,uair,hext,Afb,,,
160,uair,hext,Afb,,,
161,uair,hext,Afb,,,
162,uair,hext,Afb,,,
163,uair,hext,Afb,,,
164,uair,hext,Afb,,,
165,uair,hext,Afb,,,
166,uair,hext,Afb,,,
167,uair,hext,Afb,,,
168,uair,hext,Afb,,,
169,uair,hext,Afb,,,
170,uair,hext,Afb,,,
171,uair,hext,Afb,,,
172,uair,hext,Afb,,,
173,uair,hext,Afb,,,
174,uair,hext,Afb,,,
175,uair,hext,Afb,,,
176,uair,hext,Afb,,,
177,uair,hext,Afb,,,
178,uair,hext,Afb,,,
179,uair,hext,Afb,,,
180,uair,hext,Afb,,,
181,uair,hext,Afb,,,
182,uair,hext,Afb,,,
183,uair,hext,Afb,,,
184,uair,hext,Afb,,,
185,uair,hext,Afb,,,
186,uair,hext,Afb,,,
187,uair,hext,Afb,,,
188,uair,hext,Afb,,,
189,uair,hext,Afb,,,
190,uair,hext,Afb,,,
191,uair,hext,Afb,,,
192,uair,hext,Afb,,,
193,uair,hext,Afb,,,
194,uair,hext,Afb,,,
195,uair,hext,Afb,,,
196,uair,hext,Afb,,,
197,uair,hext,Afb,,,
198,uair,hext,Afb,,,
199,uair,hext,Afb,,,
200,uair,hext,Afb,,,
201,uair,hext,Afb,,,
202,uair,hext,Afb,,,
203,uair,hext,Afb,,,
204,uair,hext,Afb,,,
205,uair,hext,Afb,,,
206,uair,hext,Afb,,,
207,uair,hext,Afb,,,
208,uair,hext,Afb,,,
209,uair,hext,Afb,,,
210,uair,hext,Afb,,,
211,uair,hext,Afb,,,
212,uair,hext,Afb,,,
213,uair,hext,Afb,,,
214,uair,hext,Afb,,,
215,uair,hext,Afb,,,
216,uair,hext,Afb,,,
217,uair,hext,Afb,,,
218,uair,hext,Afb,,,
219,uair,hext,Afb,,,
220,uair,hext,Afb,,,
221,uair,hext,Afb,,,
222,uair,hext,Afb,,,
223,uair,hext,Afb,,,
224,uair,hext,Afb,,,
225,uair,hext,Afb,,,
226,uair,hext,Afb,,,
227,uair,hext,Afb,,,
228,uair,hext,Afb,,,
229,uair,hext,Afb,,,
230,uair,hext,Afb,,,
231,uair,hext,Afb,,,
232,uair,hext,Afb,,,
233,uair,hext,Afb,,,
234,uair,hext,Afb,,,
235,uair,hext,Afb,,,
236,uair,hext,Afb,,,
237,uair,hext,Afb,,,
238,uair,hext,Afb,,,
239,uair,hext,Afb,,,
240,uair,hext,Afb,,,
241,uair,hext,Afb,,,
242,uair,hext,Afb,,,
243,uair,hext,Afb,,,
244,uair,hext,Afb,,,
245,uair,hext,Afb,,,
246,uair,hext,Afb,,,
247,uair,hext,Afb,,,
248,uair,hext,Afb,,,
249,uair,hext,Afb,,,
250,uair,hext,Afb,,,
251,uair,hext,Afb,,,
252,uair,hext,Afb,,,
253,uair,hext,Afb,,,
254,uair,hext,Afb,,,
255,uair,hext,Afb,,,
256,uair,hext,Afb,,,
257,uair,hext,Afb,,,
258,uair,hext,Afb,,,
259,uair,hext,Afb,,,
260,uair,hext,Afb,,,
261,uair,hext,Afb,,,
262,uair,hext,Afb,,,
263,uair,hext,Afb,,,
264,uair,hext,Afb,,,
265,uair,hext,Afb,,,
266,uair,hext,Afb,,,
267,uair,hext,Afb,,,
268,uair,hext,Afb,,,
269,uair,hext,Afb,,,
270,uair,hext,Afb,,,
rooms,,,,,,
0,mroom,Qroom,0,0,1,1
1,mroom,Qroom,1,0,1,1
2,mroom,Qroom,2,0,1,1
3,mroom,Qroom,3,0,1,1
4,mroom,Qroom,4,0,1,1
5,mroom,Qroom,5,0,1,1
6,mdin,Qdin,6,0,5,2
7,mroom,Qroom,11,0,1,1
8,mroom,Qroom,12,0,1,1
9,mroom,Qroom,13,0,1,1
10,mroom,Qroom,14,0,1,1
11,mroom,Qroom,15,0,1,1
12,mroom,Qroom,16,0,1,1
13,mroom,Qroom,17,0,1,1
14,mroom,Qroom,18,0,1,1
15,mroom,Qroom,19,0,1,1
16,mroom,Qroom,20,0,1,1
17,mroom,Qroom,21,0,1,1
18,mroom,Qroom,22,0,1,1
19,mroom,Qroom,23,0,1,1
20,mroom,Qroom,24,0,1,1
21,mroom,Qroom,25,0,1,1
22,mroom,Qroom,26,0,1,1
23,mroom,Qroom,27,0,1,1
24,mroom,Qroom,28,0,1,1
25,mroom,Qroom,29,0,1,1
26,mroom,Qroom,30,0,1,1
27,mroom,Qroom,31,0,1,1
28,mroom,Qroom,32,0,1,1
29,mroom,Qroom,33,0,1,1
30,mroom,Qroom,0,1,1,1
31,mroom,Qroom,1,1,1,1
32,mroom,Qroom,2,1,1,1
33,mroom,Qroom,3,1,1,1
34,mroom,Qroom,4,1,1,1
35,mroom,Qroom,5,1,1,1
36,mroom,Qroom,11,1,1,1
37,mroom,Qroom,12,1,1,1
38,mroom,Qroom,13,1,1,1
39,mroom,Qroom,14,1,1,1
40,mroom,Qroom,15,1,1,1
41,mroom,Qroom,16,1,1,1
42,mroom,Qroom,17,1,1,1
43,mroom,Qroom,18,1,1,1
44,mroom,Qroom,19,1,1,1
45,mroom,Qroom,20,1,1,1
46,mroom,Qroom,21,1,1,1
47,mroom,Qroom,22,1,1,1
48,mroom,Qroom,23,1,1,1
49,mroom,Qroom,24,1,1,1
50,mroom,Qroom,25,1,1,1
51,mroom,Qroom,26,1,1,1
52,mroom,Qroom,27,1,1,1
53,mroom,Qroom,28,1,1,1
54,mroom,Qroom,29,1,1,1
55,mroom,Qroom,30,1,1,1
56,mroom,Qroom,31,1,1,1
57,mroom,Qroom,32,1,1,1
58,mroom,Qroom,33,1,1,1
59,mroom,Qroom,0,2,1,1
60,mroom,Qroom,1,2,1,1
61,mroom,Qc,2,2,1,1
62,mroom,Qc,3,2,1,1
63,mroom,Qc,4,2,1,1
64,mroom,Qc,5,2,1,1
65,mroom,Qroom,6,2,1,1
66,mroom,Qroom,7,2,1,1
67,mroom,Qroom,8,2,1,1
68,mroom,Qroom,9,2,1,1
69,mroom,Qroom,10,2,1,1
70,mroom,Qroom,11,2,1,1
71,mroom,Qroom,12,2,1,1
72,mroom,Qs,13,2,1,1
73,mroom,Qs,14,2,1,1
74,mroom,Qs,15,2,1,1
75,mroom,Qs,16,2,1,1
76,mroom,Qroom,17,2,1,1
77,mroom,Qroom,18,2,1,1
78,mroom,Qroom,23,2,1,1
79,mroom,Qroom,24,2,1,1
80,mroom,Qe,25,2,1,1
81,mroom,Qe,26,2,1,1
82,mroom,Qe,27,2,1,1
83,mroom,Qe,28,2,1,1
84,mroom,Qroom,29,2,1,1
85,mroom,Qroom,30,2,1,1
86,mroom,Qroom,31,2,1,1
87,mroom,Qroom,32,2,1,1
88,mroom,Qroom,33,2,1,1
89,mroom,Qc,2,3,1,1
90,mroom,Qroom,3,3,1,1
91,mroom,Qroom,4,3,1,1
92,mroom,Qroom,5,3,1,1
93,mroom,Qroom,6,3,1,1
94,mroom,Qroom,7,3,1,1
95,mroom,Qroom,8,3,1,1
96,mroom,Qroom,9,3,1,1
97,mroom,Qroom,10,3,1,1
98,mroom,Qroom,11,3,1,1
99,mroom,Qroom,12,3,1,1
100,mroom,Qroom,13,3,1,1
101,mroom,Qroom,14,3,1,1
102,mroom,Qroom,15,3,1,1
103,mroom,Qs,16,3,1,1
104,mroom,Qroom,17,3,1,1
105,mroom,Qroom,18,3,1,1
106,mroom,Qroom,23,3,1,1
107,mroom,Qroom,24,3,1,1
108,mroom,Qe,25,3,1,1
109,mroom,Qroom,26,3,1,1
110,mroom,Qroom,27,3,1,1
111,mroom,Qroom,28,3,1,1
112,mroom,Qroom,29,3,1,1
113,mroom,Qroom,30,3,1,1
114,mroom,Qroom,31,3,1,1
115,mroom,Qroom,32,3,1,1
116,mroom,Qroom,33,3,1,1
117,mroom,Qc,2,4,1,1
118,mroom,Qroom,3,4,1,1
119,mroom,Qroom,4,4,1,1
120,mroom,Qroom,5,4,1,1
121,mroom,Qroom,6,4,1,1
122,mroom,Qroom,7,4,1,1
123,mroom,Qroom,8,4,1,1
124,mroom,Qroom,9,4,1,1
125,mroom,Qroom,10,4,1,1
126,mroom,Qroom,11,4,1,1
127,mroom,Qroom,12,4,1,1
128,mroom,Qroom,13,4,1,1
129,mroom,Qroom,14,4,1,1
130,mroom,Qroom,15,4,1,1
131,mroom,Qs,16,4,1,1
132,mroom,Qroom,17,4,1,1
133,mroom,Qroom,18,4,1,1
134,mroom,Qroom,19,4,1,1
135,mroom,Qroom,20,4,1,1
136,mroom,Qroom,21,4,1,1
137,mroom,Qroom,22,4,1,1
138,mroom,Qroom,23,4,1,1
139,mroom,Qroom,24,4,1,1
140,mroom,Qe,25,4,1,1
141,mroom,Qroom,26,4,1,1
142,mroom,Qroom,27,4,1,1
143,mroom,Qroom,28,4,1,1
144,mroom,Qroom,29,4,1,1
145,mroom,Qroom,30,4,1,1
146,mroom,Qroom,31,4,1,1
147,mroom,Qroom,32,4,1,1
148,mroom,Qroom,33,4,1,1
149,mroom,Qc,2,5,1,1
150,mroom,Qroom,3,5,1,1
151,mroom,Qroom,4,5,1,1
152,mroom,Qroom,5,5,1,1
153,mroom,Qroom,6,5,1,1
154,mroom,Qroom,7,5,1,1
155,mroom,Qroom,8,5,1,1
156,mroom,Qroom,9,5,1,1
157,mroom,Qroom,10,5,1,1
158,mroom,Qroom,11,5,1,1
159,mroom,Qroom,12,5,1,1
160,mroom,Qs,13,5,1,1
161,mroom,Qs,14,5,1,1
162,mroom,Qs,15,5,1,1
163,mroom,Qs,16,5,1,1
164,mroom,Qroom,17,5,1,1
165,mroom,Qroom,18,5,1,1
166,mroom,Qroom,19,5,1,1
167,mroom,Qroom,20,5,1,1
168,mroom,Qroom,21,5,1,1
169,mroom,Qroom,22,5,1,1
170,mroom,Qroom,23,5,1,1
171,mroom,Qroom,24,5,1,1
172,mroom,Qe,25,5,1,1
173,mroom,Qe,26,5,1,1
174,mroom,Qe,27,5,1,1
175,mroom,Qroom,28,5,1,1
176,mroom,Qroom,0,6,1,1
177,mroom,Qroom,1,6,1,1
178,mroom,Qc,2,6,1,1
179,mroom,Qroom,3,6,1,1
180,mroom,Qroom,4,6,1,1
181,mroom,Qroom,5,6,1,1
182,mroom,Qroom,6,6,1,1
183,mroom,Qroom,7,6,1,1
184,mroom,Qroom,8,6,1,1
185,mroom,Qroom,9,6,1,1
186,mroom,Qroom,10,6,1,1
187,mroom,Qroom,11,6,1,1
188,mroom,Qroom,12,6,1,1
189,mroom,Qs,13,6,1,1
190,mroom,Qroom,14,6,1,1
191,mroom,Qroom,15,6,1,1
192,mroom,Qroom,16,6,1,1
193,mroom,Qroom,17,6,1,1
194,mroom,Qroom,18,6,1,1
195,mroom,Qroom,19,6,1,1
196,mroom,Qroom,20,6,1,1
197,mroom,Qe,25,6,1,1
198,mroom,Qroom,26,6,1,1
199,mroom,Qroom,27,6,1,1
200,mroom,Qroom,28,6,1,1
201,mroom,Qroom,0,7,1,1
202,mroom,Qroom,1,7,1,1
203,mroom,Qc,2,7,1,1
204,mroom,Qroom,3,7,1,1
205,mroom,Qroom,4,7,1,1
206,mroom,Qroom,5,7,1,1
207,mroom,Qroom,6,7,1,1
208,mroom,Qroom,7,7,1,1
209,mroom,Qs,13,7,1,1
210,mroom,Qroom,14,7,1,1
211,mroom,Qroom,15,7,1,1
212,mroom,Qroom,16,7,1,1
213,mroom,Qroom,17,7,1,1
214,mroom,Qroom,18,7,1,1
215,mroom,Qroom,19,7,1,1
216,mroom,Qroom,20,7,1,1
217,mroom,Qe,25,7,1,1
218,mroom,Qroom,26,7,1,1
219,mroom,Qroom,27,7,1,1
220,mroom,Qroom,28,7,1,1
221,mroom,Qroom,0,8,1,1
222,mroom,Qroom,1,8,1,1
223,mroom,Qc,2,8,1,1
224,mroom,Qc,3,8,1,1
225,mroom,Qc,4,8,1,1
226,mroom,Qc,5,8,1,1
227,mroom,Qroom,6,8,1,1
228,mroom,Qroom,7,8,1,1
229,mroom,Qs,13,8,1,1
230,mroom,Qs,14,8,1,1
231,mroom,Qs,15,8,1,1
232,mroom,Qs,16,8,1,1
233,mroom,Qroom,17,8,1,1
234,mroom,Qroom,18,8,1,1
235,mroom,Qroom,19,8,1,1
236,mroom,Qroom,20,8,1,1
237,mroom,Qe,25,8,1,1
238,mroom,Qe,26,8,1,1
239,mroom,Qe,27,8,1,1
240,mroom,Qe,28,8,1,1
241,mroom,Qroom,29,8,1,1
242,mroom,Qroom,30,8,1,1
243,mroom,Qroom,31,8,1,1
244,mroom,Qroom,32,8,1,1
245,mroom,Qroom,33,8,1,1
246,mroom,Qroom,0,9,1,1
247,mroom,Qroom,1,9,1,1
248,mroom,Qroom,2,9,1,1
249,mroom,Qroom,3,9,1,1
250,mroom,Qroom,4,9,1,1
251,mroom,Qroom,5,9,1,1
252,mroom,Qroom,6,9,1,1
253,mroom,Qroom,7,9,1,1
254,mroom,Qroom,13,9,1,1
255,mroom,Qroom,14,9,1,1
256,mroom,Qroom,15,9,1,1
257,mroom,Qroom,16,9,1,1
258,mroom,Qroom,17,9,1,1
259,mroom,Qroom,18,9,1,1
260,mroom,Qroom,19,9,1,1
261,mroom,Qroom,20,9,1,1
262,mroom,Qroom,25,9,1,1
263,mroom,Qroom,26,9,1,1
264,mroom,Qroom,27,9,1,1
265,mroom,Qroom,28,9,1,1
266,mroom,Qroom,29,9,1,1
267,mroom,Qroom,30,9,1,1
268,mroom,Qroom,31,9,1,1
269,mroom,Qroom,32,9,1,1
270,mroom,Qroom,33,9,1,1